Модель,Вес Cl2,5-Fold CV mean,5-Fold CV std
LightGBM,1.0,0.8563,0.0486
LightGBM,1.25,0.8572,0.0504
LightGBM,1.5,0.8462,0.052
LightGBM,1.75,0.8593,0.0563
LightGBM,2.0,0.8514,0.0349
LightGBM,2.5,0.8559,0.0401
CatBoost,1.0,0.8551,0.0628
CatBoost,1.25,0.8633,0.0555
CatBoost,1.5,0.8604,0.0633
CatBoost,1.75,0.8535,0.0598
CatBoost,2.0,0.8597,0.0536
CatBoost,2.5,0.8435,0.0629
XGBoost,1.0,0.8409,0.0585
XGBoost,1.25,0.8272,0.0764
XGBoost,1.5,0.844,0.0538
XGBoost,1.75,0.8199,0.0583
XGBoost,2.0,0.8341,0.0554
XGBoost,2.5,0.8265,0.0665
