ID,Конфигурация,Модель,CV mean P@R>=0.7,CV std,Holdout P@R>=0.7,Bootstrap 90% CI,Rec_Cl0 (Агрессивный),Rec_Cl1 (HTTP-скрипт),Rec_Cl2 (Мобильный),Rec_Cl3 (Stealth-веб)
0a,Random Baseline,Random,0.0844,0.0022,0.0835,"[0.076, 0.093]",0.689,0.867,0.625,0.743
1,Rule-based Эвристика,Heuristic,0.1306,0.0089,0.1282,"[0.110, 0.147]",0.986,1.0,0.469,0.723
2,Logistic Regression (Top-12),LogReg,0.2159,0.0274,0.2091,"[0.178, 0.256]",0.959,1.0,0.531,0.691
3,Baseline: Блок A + B,LightGBM,0.1874,0.0105,0.1804,"[0.152, 0.211]",0.946,0.867,0.641,0.634
4,+ Блок C (Временная динамика),LightGBM,0.3218,0.0504,0.3136,"[0.267, 0.406]",0.919,0.933,0.609,0.66
5,+ Блок F (Каталог и пагинация),LightGBM,0.7691,0.0323,0.7032,"[0.609, 0.804]",0.932,1.0,0.617,0.66
6,+ Блок D (Координаты мыши),LightGBM,0.8633,0.0264,0.8319,"[0.750, 0.895]",0.905,1.0,0.547,0.707
7,+ Блок E (User-Agent и платформа),LightGBM,0.867,0.0229,0.8195,"[0.751, 0.898]",0.905,1.0,0.539,0.707
8,+ Блок G (Мобильные интеракции),LightGBM,0.8711,0.0279,0.8516,"[0.771, 0.903]",0.905,1.0,0.555,0.702
9,+ Блок H (Последовательности),LightGBM,0.8697,0.026,0.8392,"[0.775, 0.891]",0.905,1.0,0.555,0.702
-A,Full без Блока A,LightGBM,0.8598,0.0329,0.8271,"[0.744, 0.882]",0.905,1.0,0.539,0.712
-B,Full без Блока B,LightGBM,0.8503,0.0256,0.8363,"[0.767, 0.890]",0.905,1.0,0.555,0.696
-C,Full без Блока C,LightGBM,0.7463,0.037,0.7007,"[0.627, 0.787]",0.932,0.867,0.562,0.702
-D,Full без Блока D,LightGBM,0.7556,0.0476,0.739,"[0.618, 0.826]",0.919,1.0,0.602,0.66
-E,Full без Блока E,LightGBM,0.8743,0.0239,0.8567,"[0.764, 0.901]",0.905,1.0,0.547,0.707
-F,Full без Блока F,LightGBM,0.6108,0.0571,0.5619,"[0.460, 0.640]",0.932,1.0,0.469,0.743
-G,Full без Блока G,LightGBM,0.8585,0.0159,0.8295,"[0.742, 0.897]",0.905,1.0,0.555,0.702
-H,Full без Блока H,LightGBM,0.8711,0.0279,0.8516,"[0.771, 0.903]",0.905,1.0,0.555,0.702
M1,Full Features,CatBoost,0.8653,0.0376,0.8159,"[0.757, 0.896]",0.905,1.0,0.562,0.702
M2,Full Features,XGBoost,0.8546,0.0503,0.8512,"[0.767, 0.902]",0.905,1.0,0.531,0.712
M3,Full Features,RandForest,0.8292,0.0763,0.8056,"[0.704, 0.883]",0.932,1.0,0.539,0.696
ENS,Blend (50% LGBM + 50% CB),Ensemble,0.882,0.0341,0.8471,"[0.769, 0.907]",0.905,1.0,0.562,0.702
R2-LGBM,Clean (A..G) 5-fold WF,LightGBM,0.8409,0.0462,0.8102,"[0.735, 0.884]",0.905,1.0,0.539,0.707
R2-CB,Clean (A..G) 5-fold WF,CatBoost,0.8614,0.0493,0.8462,"[0.762, 0.898]",0.905,1.0,0.562,0.702
R2-XGB,Clean (A..G) 5-fold WF,XGBoost,0.8377,0.0531,0.8671,"[0.771, 0.912]",0.905,1.0,0.531,0.712
P0-LGBM,+ Block I (Anomaly) + Upweight w=1.75,LightGBM,0.8593,0.0563,0.8537,"[0.765, 0.901]",0.905,1.0,0.57,0.702
P0-CB,+ Block I (Anomaly) + Upweight w=1.25,CatBoost,0.8633,0.0555,0.8519,"[0.768, 0.904]",0.905,1.0,0.57,0.702
P0-XGB,+ Block I (Anomaly) + Upweight w=1.50,XGBoost,0.844,0.0538,0.8491,"[0.758, 0.902]",0.905,1.0,0.555,0.707
P1-LGBM,Optuna Tuned + 5-Seed Bagging,LightGBM,0.8597,0.0502,0.829,"[0.748, 0.892]",0.905,1.0,0.57,0.702
P1-CB,Optuna Tuned + 5-Seed Bagging,CatBoost,0.8612,0.0566,0.8589,"[0.772, 0.910]",0.905,1.0,0.578,0.686
P1-XGB,Optuna Tuned + 5-Seed Bagging,XGBoost,0.8436,0.0546,0.8387,"[0.755, 0.898]",0.905,1.0,0.555,0.702
P2-FINAL,OOF Simplex Blend (10% LGBM + 90% CB),Final Ensemble,0.8657,0.055,0.8619,"[0.778, 0.914]",0.905,1.0,0.578,0.686
P3-STRESS,Stress: Без n_covisitors_total_mean,LightGBM,0.7712,0.061,0.752,"[0.665, 0.824]",0.919,1.0,0.562,0.675
